gaming_time_hr,social_media_time_hr,sleep_hours,daily_unlocks,notifications_per_day,addiction_level
5.12,0.74,6.28,188,81,Low
7.14,1.33,4.36,200,103,Medium
1.75,5.3,7.08,189,107,Low
1.76,6.1,5.0,199,129,Medium
6.45,7.13,5.27,298,185,High
0.74,1.42,6.5,135,48,Low
6.46,7.43,2.47,270,153,High
6.64,6.38,6.75,300,139,High
5.64,0.94,6.48,203,102,Low
0.81,3.14,7.02,120,77,Low
2.96,2.49,6.15,231,78,Low
1.37,7.43,4.8,227,162,Medium
7.92,6.58,3.84,281,187,High
1.83,0.8,5.0,109,83,Low
1.69,9.46,6.63,228,160,High
7.32,4.86,4.78,260,159,High
4.49,3.0,4.04,159,97,Medium
7.98,5.34,6.17,287,157,High
0.88,6.46,6.59,159,149,Low
7.97,5.53,6.11,341,149,High
0.09,7.35,5.64,157,135,Medium
0.89,4.63,8.16,91,124,Low
7.01,3.0,5.25,230,155,Medium
2.39,6.57,4.84,201,133,Medium
6.1,5.62,6.09,219,165,High
0.16,9.33,6.05,263,136,Medium
2.46,1.05,8.74,82,94,Low
0.55,7.73,6.88,205,135,Medium
3.8,5.72,5.82,283,125,Medium
4.31,7.43,6.21,263,177,High
7.96,6.67,4.2,313,180,High
2.7,6.09,6.71,214,150,Medium
0.57,6.5,6.64,250,135,Medium
1.9,6.86,5.77,214,152,Medium
7.48,5.92,3.59,289,163,High
0.78,4.59,5.73,130,119,Low
5.83,6.9,6.27,269,147,High
6.89,2.86,6.65,238,139,Medium
3.38,3.15,6.35,245,67,Low
4.4,0.98,7.3,217,83,Low
7.75,9.3,5.72,321,186,High
3.21,1.06,6.65,80,118,Low
2.12,7.95,4.78,239,219,High
4.45,7.32,4.78,270,173,High
7.75,6.0,3.7,273,185,High
4.02,8.6,6.3,311,215,High
0.64,2.27,5.22,98,81,Low
7.12,2.84,6.61,194,104,Medium
3.35,6.04,3.29,210,148,High
1.91,4.26,8.21,160,95,Low
2.53,7.64,7.18,247,220,Medium
0.59,2.52,6.65,119,129,Low
7.05,8.85,4.93,331,207,High
4.89,9.88,3.9,299,190,High
6.54,3.34,4.54,167,129,Medium
0.86,5.76,6.78,173,150,Low
5.74,2.43,5.56,185,64,Medium
6.77,1.38,6.37,180,107,Low
0.03,7.83,5.6,180,142,Medium
3.42,0.59,5.08,195,93,Low
7.23,5.68,6.51,239,160,High
2.47,9.04,6.35,269,132,High
7.19,2.5,6.03,239,123,Medium
3.25,6.4,3.59,263,181,High
6.92,9.77,6.25,272,234,High
2.66,9.34,6.1,279,137,High
6.49,3.03,6.18,208,146,Medium
1.78,8.26,4.29,205,162,High
6.36,2.66,6.88,218,94,Medium
7.74,3.15,8.03,224,110,Medium
7.85,5.59,6.21,276,168,High
7.7,3.02,5.79,265,138,Medium
5.83,3.48,4.94,197,101,Medium
2.04,7.23,7.11,287,147,Medium
4.31,7.33,5.75,209,154,High
5.31,3.64,6.45,191,155,Medium
5.76,3.35,5.64,245,105,Medium
1.02,4.49,7.03,204,97,Low
7.22,6.35,5.17,319,178,High
3.44,6.01,6.06,202,120,Medium
3.54,2.53,3.85,181,101,Low
0.68,5.4,5.69,153,104,Low
6.55,7.64,5.18,273,175,High
1.96,5.01,6.56,191,113,Low
3.32,6.48,6.65,270,129,Medium
5.25,0.55,6.45,167,48,Low
0.85,4.54,7.82,228,102,Low
1.99,8.56,5.9,186,172,Medium
5.34,9.88,3.05,266,216,High
5.75,5.3,4.85,264,120,High
7.18,7.56,4.61,304,177,High
6.13,5.45,7.55,236,134,Medium
0.62,3.21,6.47,163,81,Low
1.85,7.09,5.94,211,137,Medium
3.26,5.65,5.4,223,96,Medium
4.67,7.11,7.07,288,131,High
3.04,0.56,5.44,174,101,Low
3.35,7.6,3.54,205,150,High
1.76,2.58,6.3,147,74,Low
3.23,2.07,8.02,144,93,Low
4.98,0.76,5.21,189,112,Low
1.09,4.89,6.69,197,120,Low
1.69,3.61,6.55,130,102,Low
2.02,1.28,4.4,166,78,Low
8.0,3.82,4.59,214,116,High
7.6,2.39,4.36,246,118,Medium
1.01,6.86,5.44,189,126,Medium
1.34,6.27,4.29,193,122,Medium
6.55,9.66,5.59,327,187,High
7.67,4.27,7.48,256,131,Medium
5.52,6.46,7.46,290,171,High
0.97,9.85,4.6,247,154,High
3.43,4.02,5.16,190,137,Medium
0.84,9.63,4.14,199,141,High
5.66,4.64,5.65,157,129,Medium
4.31,5.09,8.22,176,145,Medium
2.15,8.59,6.17,229,174,High
3.72,6.3,5.39,225,147,Medium
6.81,2.23,6.6,267,88,Medium
5.61,3.12,8.21,283,118,Medium
0.68,7.34,4.18,203,130,Medium
3.93,8.03,4.19,277,173,High
5.53,3.41,4.92,197,97,Medium
5.97,3.64,5.8,217,108,Medium
2.01,1.65,6.85,149,46,Low
1.48,2.56,6.14,92,91,Low
7.81,5.48,5.56,292,159,High
1.44,0.63,7.6,87,61,Low
7.79,5.76,5.44,268,173,High
6.98,5.95,4.68,242,160,High
1.47,0.99,8.03,104,78,Low
0.59,6.48,5.2,202,134,Medium
4.5,3.39,6.81,197,115,Low
6.33,2.64,4.47,182,110,Medium
3.54,8.67,6.8,261,151,High
5.92,9.5,4.32,316,206,High
5.28,1.99,6.49,199,122,Low
4.75,3.27,6.22,205,144,Medium
5.62,4.81,4.91,173,142,Medium
5.29,9.37,3.9,266,200,High
5.18,9.13,5.78,284,194,High
5.99,5.91,6.7,254,160,High
5.51,7.15,7.06,257,155,High
0.32,4.6,6.53,143,120,Low
0.73,9.64,6.77,201,244,Medium
5.38,3.06,4.72,255,122,Medium
3.76,6.69,6.61,227,124,Medium
3.93,1.37,5.6,143,100,Low
5.36,8.65,4.71,330,169,High
6.51,5.73,8.58,238,156,Medium
2.59,9.72,4.58,285,208,High
4.34,4.43,5.99,222,142,Medium
6.05,6.44,5.8,247,113,High
3.5,7.13,5.1,297,190,High
4.87,2.77,7.06,226,99,Low
7.94,9.17,5.12,322,202,High
6.66,5.23,5.51,223,140,High
7.84,2.82,8.19,211,116,Medium
7.37,5.33,7.47,229,145,High
3.32,9.38,7.82,214,177,High
2.26,3.34,2.65,106,90,Low
4.31,3.78,6.24,165,108,Low
3.64,3.56,6.98,230,97,Low
6.2,0.91,5.91,185,60,Low
6.49,4.17,4.79,192,155,Medium
0.3,5.27,6.27,112,93,Low
6.99,4.68,4.52,249,137,High
5.24,1.97,5.06,110,109,Low
2.71,7.08,4.64,179,172,Medium
3.04,3.51,4.44,168,74,Low
6.98,0.84,7.76,214,155,Low
5.97,4.62,3.97,273,151,High
6.98,4.71,4.94,194,175,High
2.35,4.06,6.97,198,129,Low
4.53,8.03,5.98,279,188,High
1.93,9.17,4.68,267,187,High
2.03,2.93,8.67,157,119,Low
1.26,4.7,5.35,146,134,Low
5.11,4.53,6.03,282,136,Medium
3.87,2.75,7.46,144,90,Low
7.94,3.3,7.62,242,125,Medium
5.49,7.57,7.23,314,176,High
3.97,9.09,5.21,328,164,High
5.09,6.4,5.15,231,123,High
5.27,8.46,3.83,239,167,High
3.53,6.01,5.23,221,131,Medium
2.36,7.6,6.29,243,101,Medium
4.25,9.18,4.87,292,167,High
6.6,5.08,6.52,208,138,Medium
7.7,1.84,6.55,281,102,Medium
5.79,9.81,7.56,302,173,High
0.11,5.6,8.01,122,126,Low
5.38,6.05,7.11,187,160,Medium
0.2,8.9,6.64,154,141,Medium
1.77,1.1,7.89,64,65,Low
1.12,9.49,7.1,227,191,Medium
0.78,8.93,6.9,250,145,Medium
7.57,4.48,4.06,259,130,High
3.32,1.44,5.3,153,88,Low
2.96,4.71,6.14,251,109,Medium
0.79,7.01,3.04,174,125,Medium
1.52,1.66,7.62,146,59,Low
5.3,6.6,5.61,254,159,High
1.01,5.86,5.44,229,139,Medium
1.66,2.55,7.31,123,114,Low
0.02,8.65,8.2,219,162,Medium
2.01,2.16,6.44,136,121,Low
1.9,3.58,6.65,166,108,Low
5.93,5.5,5.82,217,149,High
0.87,5.29,4.97,180,115,Low
6.27,8.74,4.18,300,193,High
3.83,4.32,6.09,188,99,Medium
7.28,1.2,7.59,227,115,Low
5.06,5.71,6.31,197,201,Medium
4.24,4.81,5.66,207,117,Medium
5.21,7.81,3.46,271,156,High
3.61,2.67,5.67,202,92,Low
3.41,6.82,6.25,221,157,Medium
7.38,1.14,6.41,196,127,Medium
6.49,5.79,6.89,231,138,High
2.64,1.66,5.49,179,83,Low
5.77,9.7,3.04,289,184,High
4.62,2.52,5.81,169,133,Low
2.94,7.74,7.39,191,141,Medium
6.76,9.76,6.04,290,198,High
7.43,8.38,5.2,315,200,High
5.62,3.44,6.02,218,137,Medium
3.21,1.85,5.36,150,84,Low
5.97,2.54,5.19,220,88,Medium
6.21,5.89,7.19,269,155,High
1.26,6.37,5.8,173,120,Medium
3.54,3.1,5.16,180,95,Low
3.44,3.19,5.74,148,102,Low
3.16,6.19,5.75,245,140,Medium
1.69,1.8,6.61,159,113,Low
1.41,4.11,6.54,152,83,Low
6.67,8.16,7.66,328,185,High
7.37,8.69,5.46,286,179,High
5.68,4.47,6.17,236,115,Medium
4.95,8.4,7.59,291,171,High
6.76,2.81,4.8,204,103,Medium
2.72,3.66,6.99,193,128,Low
0.91,5.34,7.3,158,113,Low
6.52,2.74,3.88,230,126,Medium
4.82,7.72,5.33,252,170,High
6.04,7.72,4.24,221,187,High
4.52,6.54,4.19,203,143,High
0.55,4.7,5.98,150,124,Low
0.45,5.32,5.94,197,151,Low
0.61,8.71,6.86,245,135,Medium
4.06,4.9,4.1,196,146,Medium
6.48,6.69,4.88,262,183,High
1.21,1.09,8.82,153,51,Low
4.04,2.14,7.96,173,117,Low
3.52,5.47,6.73,239,129,Medium
2.71,6.18,7.32,223,109,Medium
0.53,1.4,6.38,86,64,Low
7.25,8.8,3.66,300,214,High
1.13,3.82,8.33,144,80,Low
7.5,3.44,6.92,206,153,Medium
6.51,6.87,6.6,237,155,High
5.17,4.52,4.68,206,144,Medium
1.44,2.53,7.91,128,89,Low
0.62,8.52,6.73,258,175,Medium
6.68,8.89,6.5,319,191,High
3.01,2.04,5.86,180,59,Low
6.47,2.07,5.01,219,100,Medium
3.55,3.21,5.53,181,84,Low
4.27,3.44,6.72,164,122,Low
7.58,9.85,4.27,317,209,High
3.05,5.51,8.31,196,134,Low
2.0,6.59,5.52,235,120,Medium
0.82,8.54,6.65,200,157,Medium
7.24,1.9,5.13,150,127,Medium
1.78,4.79,6.18,184,138,Low
1.89,9.95,6.28,252,182,High
7.45,8.47,4.16,275,199,High
6.64,7.11,6.38,316,192,High
3.59,0.55,7.4,153,87,Low
5.82,5.51,4.56,268,155,High
2.41,0.95,4.8,156,64,Low
7.24,6.17,5.81,317,162,High
1.94,1.86,5.12,154,83,Low
5.31,1.31,7.58,190,91,Low
4.21,5.32,7.57,220,117,Medium
5.09,9.82,6.37,303,196,High
6.31,3.78,5.81,189,131,Medium
2.66,0.92,4.7,81,63,Low
1.4,7.9,4.27,229,127,Medium
0.5,7.87,4.55,181,151,Medium
0.35,2.39,9.42,139,20,Low
4.34,2.91,5.93,189,93,Low
2.86,7.92,6.64,221,172,Medium
7.12,7.56,6.34,323,164,High
7.79,5.21,2.97,276,115,High
5.82,1.25,6.03,141,71,Low
4.36,3.55,7.76,219,104,Low
3.41,7.05,7.48,231,156,Medium
6.96,3.85,6.88,241,179,Medium
0.6,6.56,5.92,152,158,Low
5.44,9.55,6.52,336,192,High
0.54,7.9,5.84,186,162,Medium
4.54,6.25,4.66,175,124,High
4.59,5.53,7.45,196,156,Medium
2.0,1.58,6.52,98,59,Low
2.09,2.97,7.5,61,118,Low
2.28,9.21,5.24,253,185,High
7.19,4.73,4.76,297,158,High
6.76,3.54,5.72,243,85,Medium
6.81,7.26,4.93,329,158,High
6.35,5.33,6.41,269,168,High
0.21,5.76,8.03,132,146,Low
4.41,6.31,6.81,254,179,Medium
4.21,7.81,5.79,265,157,High
7.78,6.6,3.84,309,145,High
6.24,6.58,7.76,304,207,High
3.46,9.15,6.32,274,183,High
2.58,7.24,6.61,186,188,Medium
7.16,8.54,5.42,358,178,High
2.42,5.57,6.01,181,128,Medium
7.53,1.96,5.01,182,80,Medium
4.51,8.34,4.3,281,173,High
5.13,5.98,4.7,205,122,High
3.98,6.46,6.81,218,195,Medium
3.86,8.14,5.4,236,173,High
3.52,5.1,6.32,220,154,Medium
2.5,7.32,5.78,168,160,Medium
2.96,5.84,6.02,197,155,Medium
2.14,2.86,7.32,169,74,Low
1.99,8.72,7.03,255,179,Medium
4.62,3.47,6.31,166,91,Low
2.47,0.72,6.55,161,62,Low
7.73,2.54,5.74,241,77,Medium
5.23,4.97,6.06,176,126,Medium
3.45,8.88,5.48,214,160,High
4.56,2.35,7.21,172,98,Low
4.03,7.76,5.15,345,159,High
7.8,4.24,5.25,268,122,High
7.51,7.67,5.93,341,173,High
1.1,3.66,6.52,118,103,Low
4.85,5.4,5.2,270,170,High
5.91,3.34,9.2,189,151,Low
4.26,7.23,5.17,304,137,High
7.84,6.05,6.93,302,131,High
5.5,0.75,3.28,186,93,Low
4.62,7.35,3.77,243,155,High
5.03,6.39,6.23,237,149,High
7.59,1.54,5.81,242,108,Medium
1.21,7.06,4.42,231,176,Medium
5.89,1.09,5.13,197,102,Low
2.6,6.79,5.03,216,164,Medium
2.74,3.87,8.68,185,78,Low
5.15,7.09,5.17,251,161,High
1.8,9.74,7.38,245,191,High
1.66,7.2,5.66,238,177,Medium
2.19,1.66,5.75,124,63,Low
7.84,8.27,7.47,306,184,High
5.71,3.79,7.01,200,129,Medium
3.83,2.42,3.67,157,94,Low
4.93,6.07,5.28,247,177,High
4.25,6.56,7.09,252,148,Medium
6.17,0.55,5.79,115,73,Low
3.26,9.38,6.72,245,194,High
2.57,6.64,9.02,229,137,Medium
4.59,5.58,5.51,163,150,Medium
7.06,2.17,5.69,308,78,Medium
3.18,5.21,8.99,176,165,Low
0.07,5.9,5.3,236,156,Low
2.28,9.9,4.43,253,216,High
3.74,2.33,5.51,184,104,Low
3.67,2.94,7.1,224,110,Low
6.06,2.17,4.67,243,72,Medium
6.62,5.4,7.32,283,152,High
2.59,2.86,7.06,160,111,Low
6.03,9.56,4.82,359,223,High
5.54,1.09,6.46,198,102,Low
3.24,5.27,7.63,179,125,Low
7.33,3.3,6.49,223,116,Medium
1.07,1.96,6.67,84,57,Low
3.77,5.61,6.83,209,124,Medium
1.98,7.67,6.38,215,122,Medium
0.62,5.86,6.97,212,132,Low
4.04,5.94,6.63,251,131,Medium
1.64,6.04,6.16,225,143,Medium
6.47,4.81,4.55,246,160,High
6.46,7.37,6.09,243,193,High
5.97,5.99,6.86,267,210,High
7.48,1.16,7.64,216,99,Low
3.27,7.81,6.22,163,147,Medium
7.94,4.13,4.8,305,107,High
3.01,6.99,5.21,198,138,Medium
1.43,5.6,5.39,137,118,Low
1.78,0.53,7.77,118,53,Low
4.26,8.32,4.41,269,189,High
2.21,9.41,5.75,239,181,High
6.13,8.9,4.33,325,188,High
0.81,0.82,5.31,77,95,Low
3.22,2.73,7.0,181,137,Low
0.45,5.29,5.89,219,113,Low
4.78,6.89,4.79,244,171,High
1.15,6.77,6.39,223,182,Medium
7.04,9.16,6.47,300,180,High
3.96,9.74,7.3,269,190,High
3.33,1.92,5.45,122,113,Low
3.79,8.57,5.17,310,187,High
4.5,9.69,3.08,277,184,High
1.94,2.43,4.92,91,93,Low
5.8,2.31,5.76,196,136,Medium
4.82,8.8,6.41,331,175,High
3.84,8.76,4.22,231,217,High
0.12,9.4,6.63,219,186,Medium
1.94,6.24,6.18,221,177,Medium
4.42,7.87,4.69,289,156,High
4.1,5.22,6.79,288,165,Medium
3.76,8.48,6.77,248,148,High
1.77,1.89,7.43,130,128,Low
4.63,4.47,6.71,238,99,Medium
3.99,6.72,7.49,231,136,Medium
6.57,9.68,4.5,296,216,High
1.35,7.34,7.99,143,148,Low
4.34,6.6,6.2,246,178,High
5.35,7.76,3.31,227,189,High
1.85,7.22,7.52,218,126,Medium
5.33,6.36,7.02,220,155,Medium
0.05,5.74,7.89,169,110,Low
0.14,8.22,9.43,180,117,Low
7.28,1.52,6.68,221,113,Medium
6.52,3.04,7.41,200,130,Medium
3.25,5.87,6.95,215,121,Medium
5.23,8.65,3.48,289,171,High
3.03,5.75,6.28,213,145,Medium
3.47,7.95,7.1,197,146,Medium
0.76,5.52,7.17,179,148,Low
3.8,0.94,4.68,212,100,Low
7.19,5.85,8.4,289,136,High
4.7,7.65,8.58,258,145,Medium
0.62,2.04,6.87,176,44,Low
2.65,7.68,7.61,292,201,Medium
5.79,5.26,6.29,244,106,Medium
2.72,7.81,6.83,266,151,Medium
6.19,0.78,5.75,277,71,Low
7.53,4.6,5.85,243,116,High
0.69,6.38,6.86,140,140,Low
5.69,6.52,6.12,261,139,High
0.85,0.55,6.45,127,59,Low
1.5,4.76,7.01,144,107,Low
0.21,3.86,7.94,163,88,Low
2.33,4.18,7.41,233,133,Low
7.24,9.79,4.64,327,195,High
2.41,5.18,6.69,223,132,Medium
3.37,5.1,6.96,217,128,Medium
4.75,2.36,7.97,206,112,Low
7.59,3.66,4.3,211,123,High
6.52,8.67,6.43,323,184,High
2.57,9.5,6.11,285,228,High
2.33,7.1,5.36,182,148,Medium
1.94,4.07,6.89,142,127,Low
4.74,5.68,6.97,220,118,Medium
7.62,4.89,5.42,236,138,High
6.55,8.06,7.32,269,192,High
5.07,2.8,5.18,158,110,Medium
7.93,5.05,5.25,245,164,High
7.36,7.07,3.51,282,144,High
4.3,6.56,7.88,287,167,Medium
5.26,3.87,5.87,209,152,Medium
3.2,7.65,5.73,273,153,High
0.08,2.96,5.25,123,63,Low
3.57,4.22,5.46,202,92,Medium
4.0,3.78,6.78,198,71,Low
0.93,9.44,7.51,251,181,Medium
3.64,2.47,5.03,175,69,Low
2.55,3.35,7.11,173,93,Low
6.79,6.66,5.34,265,178,High
1.4,2.02,6.57,60,62,Low
1.85,4.35,7.07,212,107,Low
4.91,2.37,6.39,164,92,Low
5.64,2.45,6.22,146,116,Low
6.98,2.28,6.29,203,131,Medium
2.1,8.7,4.23,234,142,High
4.7,3.81,5.2,231,96,Medium
6.51,7.21,5.14,325,178,High
0.94,3.4,6.89,163,123,Low
4.09,4.47,6.91,230,135,Medium
5.55,6.63,7.35,300,157,High
3.92,1.83,5.91,196,109,Low
0.08,1.8,7.19,138,24,Low
4.04,5.2,5.58,190,144,Medium
0.66,0.79,5.68,103,46,Low
2.2,5.61,6.87,226,126,Medium
4.4,1.58,4.36,208,113,Low
6.59,3.99,6.1,230,125,Medium
7.92,1.47,4.58,244,78,Medium
2.38,9.99,4.71,274,190,High
7.95,7.87,4.24,321,220,High
4.7,3.83,5.73,166,124,Medium
1.65,2.47,7.16,167,94,Low
2.25,5.62,5.38,239,124,Medium
6.86,9.86,6.25,325,194,High
7.7,7.96,8.71,269,191,High
6.93,2.87,5.56,213,82,Medium
6.09,6.92,4.13,277,161,High
3.62,6.52,7.22,241,140,Medium
4.12,3.14,7.33,177,125,Low
0.02,7.85,5.88,192,112,Medium
3.67,6.81,5.68,245,136,High
3.44,2.51,6.22,162,134,Low
2.7,5.99,4.87,196,118,Medium
0.39,1.45,8.33,114,47,Low
0.99,8.65,5.99,224,171,Medium
5.51,1.75,6.06,178,89,Low
7.46,3.1,5.43,219,94,Medium
1.32,4.27,8.31,147,136,Low
1.87,6.73,6.12,207,129,Medium
1.81,6.96,6.22,257,144,Medium
6.54,9.89,4.79,333,219,High
5.85,1.47,6.78,165,134,Low
1.1,7.85,6.12,198,160,Medium
4.24,0.58,6.49,133,60,Low
5.78,6.47,6.49,288,141,High
0.69,1.45,4.59,112,44,Low
3.07,9.65,5.47,285,179,High
4.43,6.2,6.43,198,124,Medium
5.52,8.55,5.04,269,156,High
5.98,3.31,5.91,279,133,Medium
7.64,5.2,6.79,295,130,High
7.82,9.88,4.41,360,203,High
6.89,5.9,4.51,305,159,High
6.16,0.66,3.34,203,95,Medium
0.32,1.07,7.21,66,48,Low
3.32,7.17,4.93,269,164,High
4.93,3.14,5.67,234,122,Medium
4.29,4.21,8.24,169,93,Low
5.45,1.13,5.73,132,94,Low
0.69,4.63,6.13,120,116,Low
2.47,7.55,5.96,215,144,Medium
1.31,9.55,4.11,191,166,High
5.77,2.09,7.68,235,99,Low
6.17,0.78,8.79,192,75,Low
0.51,7.27,5.8,191,121,Medium
4.0,5.89,6.33,212,152,Medium
0.82,5.95,6.18,160,119,Low
6.9,2.82,6.01,196,121,Medium
1.2,9.35,6.9,208,196,Medium
3.35,3.56,5.29,142,125,Low
2.17,1.24,5.67,156,85,Low
6.43,9.82,4.94,334,197,High
3.72,3.18,6.91,161,104,Low
1.61,5.86,6.2,178,154,Low
3.71,6.12,3.95,229,156,High
6.08,2.83,8.54,244,115,Low
1.86,3.79,7.75,112,105,Low
5.26,8.57,5.6,285,169,High
4.24,2.76,5.88,185,135,Low
0.74,9.25,5.96,258,150,High
5.61,4.04,6.53,222,135,Medium
6.56,1.21,6.59,167,88,Low
7.71,2.75,5.88,262,131,Medium
5.88,3.52,4.29,219,129,Medium
1.62,7.91,5.45,214,164,Medium
3.25,5.59,7.27,232,130,Medium
2.47,3.02,6.96,174,83,Low
5.58,0.88,4.29,190,73,Low
0.73,2.86,5.75,162,81,Low
7.93,0.8,5.29,183,111,Medium
5.98,2.87,4.01,225,116,Medium
6.64,9.83,5.5,365,228,High
2.98,6.49,5.08,190,140,Medium
0.17,1.11,9.07,125,51,Low
1.03,9.1,6.5,208,185,Medium
1.34,5.95,6.62,202,110,Low
0.24,6.99,6.67,206,141,Low
7.07,0.83,7.11,181,85,Low
2.36,4.41,5.92,178,112,Low
1.6,8.9,6.59,195,160,Medium
6.42,8.05,7.64,293,162,High
3.88,9.17,6.86,246,179,High
1.44,3.53,7.0,217,100,Low
7.93,5.53,5.24,294,77,High
7.79,1.45,5.55,198,124,Medium
0.45,9.97,3.51,247,209,High
6.38,3.87,7.21,184,140,Medium
6.45,7.13,7.08,289,165,High
5.6,9.5,4.07,291,214,High
7.05,5.18,9.08,250,169,Medium
0.72,2.71,6.94,167,130,Low
1.61,1.74,6.68,116,35,Low
6.75,3.57,7.55,240,156,Medium
6.77,8.68,4.43,339,183,High
7.54,4.26,6.64,272,146,High
7.59,8.02,5.97,356,177,High
1.39,9.7,4.93,181,176,High
4.71,2.17,5.48,167,128,Low
1.02,7.42,8.93,183,94,Low
7.72,0.81,8.58,153,71,Low
7.74,2.6,3.38,206,140,High
1.9,9.83,7.36,286,213,High
0.71,7.24,4.6,151,125,Medium
2.0,1.14,7.0,126,83,Low
0.01,4.17,6.24,64,117,Low
3.03,5.69,5.2,238,147,Medium
6.91,6.68,5.37,267,199,High
2.36,3.53,7.45,179,101,Low
1.36,4.07,6.29,123,112,Low
4.75,6.33,5.58,238,150,High
7.54,2.07,6.58,212,123,Medium
1.52,7.12,6.62,201,111,Medium
2.12,3.17,6.5,168,64,Low
1.23,3.93,5.48,134,110,Low
5.3,6.2,5.94,259,158,High
0.66,8.52,6.96,206,174,Medium
3.91,6.78,7.2,260,167,Medium
2.96,4.73,8.52,192,143,Low
1.81,3.05,8.37,171,91,Low
2.75,5.64,5.72,245,126,Medium
4.43,8.49,6.23,245,134,High
3.8,8.88,5.2,258,176,High
7.22,7.29,2.97,296,182,High
4.96,1.64,4.62,179,82,Low
7.87,9.74,5.46,329,153,High
3.48,9.97,7.31,242,159,High
2.06,9.15,6.26,242,154,High
2.61,3.12,7.21,107,111,Low
6.29,6.42,4.49,266,148,High
4.7,7.7,6.11,329,149,High
4.5,1.46,6.07,205,78,Low
3.06,5.11,7.21,196,123,Low
2.2,1.87,5.16,111,124,Low
2.65,2.76,7.07,159,51,Low
7.18,0.69,6.63,174,89,Low
5.57,1.43,7.67,195,87,Low
7.79,4.71,6.19,246,120,High
1.5,2.51,7.46,162,58,Low
6.08,8.74,6.14,269,194,High
4.05,1.79,7.29,204,58,Low
0.23,2.33,7.88,68,79,Low
7.34,7.19,6.87,289,209,High
4.04,6.54,6.15,243,129,Medium
1.42,8.77,7.14,209,152,Medium
1.31,9.0,5.96,188,160,Medium
1.3,5.94,7.43,246,119,Low
5.18,6.94,5.64,292,193,High
6.14,0.58,6.59,217,72,Low
4.81,0.58,6.43,215,63,Low
5.14,4.53,8.98,205,143,Low
2.02,4.93,5.32,134,111,Low
4.09,6.79,6.25,259,135,High
5.18,6.29,5.68,265,206,High
5.12,8.68,7.02,283,211,High
7.14,3.34,7.15,278,155,Medium
6.42,6.2,4.46,245,130,High
5.77,6.73,6.68,267,142,High
0.28,7.23,6.83,175,132,Low
5.81,2.61,4.1,194,135,Medium
4.06,8.53,4.75,301,138,High
1.45,1.43,7.36,139,86,Low
1.46,6.96,4.26,199,148,Medium
2.84,7.57,5.22,285,147,High
2.35,8.59,6.72,184,172,Medium
4.67,9.47,7.86,319,146,High
3.05,3.33,6.35,231,118,Low
1.1,2.4,5.34,153,102,Low
2.53,7.3,5.28,233,127,Medium
5.05,2.18,6.2,186,96,Low
1.35,7.76,8.1,165,152,Medium
0.7,6.34,5.48,162,148,Medium
0.3,2.39,6.48,116,82,Low
2.58,8.42,6.56,286,153,High
5.55,3.77,5.42,240,137,Medium
4.71,2.09,6.77,159,90,Low
4.77,3.71,8.02,282,75,Low
2.74,9.06,5.33,271,214,High
3.23,2.67,5.55,166,87,Low
5.87,6.1,6.36,284,149,High
7.01,2.93,5.74,219,118,Medium
7.96,6.79,5.39,296,163,High
3.04,5.7,4.97,194,135,Medium
5.56,6.49,5.24,302,147,High
4.85,1.8,5.52,186,87,Low
5.75,1.62,6.69,199,102,Low
2.1,5.47,7.0,207,155,Low
2.36,0.87,5.86,128,88,Low
0.02,6.88,5.87,230,111,Medium
5.35,1.92,7.49,208,98,Low
2.05,2.7,5.98,176,91,Low
3.71,1.45,6.64,164,76,Low
2.5,7.52,8.09,272,171,Medium
0.37,8.59,5.72,198,141,Medium
4.97,8.85,6.62,333,201,High
1.46,4.31,7.35,160,79,Low
6.4,6.66,7.23,280,152,High
5.57,1.06,7.0,173,67,Low
6.42,6.94,6.47,292,183,High
2.87,0.77,5.72,82,84,Low
7.36,1.57,6.0,206,108,Medium
2.09,3.49,5.93,120,105,Low
4.52,9.79,4.01,281,174,High
4.18,7.16,7.33,274,156,High
5.41,4.16,7.15,243,105,Medium
7.9,1.02,5.67,200,124,Medium
6.96,1.21,4.28,180,100,Medium
7.76,0.98,6.42,253,88,Medium
3.67,8.11,6.32,200,178,High
3.58,1.63,4.73,158,103,Low
4.46,0.5,7.25,188,93,Low
4.95,3.39,5.35,204,92,Medium
2.91,1.02,4.02,144,98,Low
4.48,6.39,4.18,250,146,High
6.07,2.61,5.56,179,143,Medium
7.72,3.27,4.05,238,139,High
1.12,7.31,6.36,203,133,Medium
4.89,2.28,7.37,174,68,Low
5.73,1.52,6.83,129,120,Low
6.7,6.09,5.9,239,129,High
1.08,5.24,3.85,165,117,Medium
7.48,8.47,3.98,323,200,High
4.63,7.44,5.44,281,176,High
4.8,8.89,4.45,284,224,High
6.1,3.1,5.74,295,105,Medium
3.62,1.77,4.87,185,89,Low
5.61,8.68,4.56,277,136,High
5.06,2.41,5.55,174,87,Low
7.85,6.68,7.03,332,163,High
5.55,3.56,6.93,235,94,Medium
5.34,4.47,6.21,226,91,Medium
2.29,8.55,6.44,208,175,Medium
5.36,2.4,6.33,196,93,Low
2.29,2.88,7.46,118,86,Low
0.26,8.23,8.08,255,174,Medium
5.92,8.72,5.46,261,186,High
6.39,3.23,8.13,189,81,Low
3.1,9.59,6.76,266,177,High
2.01,6.4,6.1,217,97,Medium
6.64,9.16,4.93,275,193,High
4.83,7.87,4.22,294,164,High
1.42,6.99,6.45,223,121,Medium
3.43,5.79,5.98,245,155,Medium
2.04,3.64,6.26,148,113,Low
0.41,9.36,6.89,193,144,Medium
3.92,5.94,4.69,268,135,High
1.47,1.15,7.51,88,70,Low
4.3,1.37,6.58,185,78,Low
1.75,7.65,7.05,121,137,Medium
6.59,9.82,7.14,328,159,High
4.91,6.4,6.74,293,143,High
2.57,9.2,6.94,246,157,High
7.29,8.31,5.2,275,211,High
3.56,0.92,7.18,135,30,Low
1.34,9.58,5.65,240,171,High
0.52,6.87,6.62,131,126,Low
4.3,7.18,6.11,303,152,High
5.17,9.43,5.53,281,171,High
0.7,1.02,7.1,116,41,Low
4.6,2.66,6.21,218,90,Low
0.14,6.9,5.36,143,127,Low
4.95,7.68,4.14,245,208,High
0.85,7.98,7.33,208,158,Medium
6.12,4.66,4.53,268,112,High
1.09,4.21,6.71,170,81,Low
7.68,1.87,4.87,163,119,Medium
2.99,9.52,3.89,231,170,High
0.99,0.55,5.62,81,77,Low
5.99,9.08,5.16,288,206,High
5.17,5.37,6.4,256,146,Medium
1.45,8.1,5.37,258,123,Medium
7.46,9.95,3.79,350,204,High
0.79,7.39,6.62,175,144,Medium
1.03,6.73,7.57,220,150,Low
3.61,6.36,5.39,215,169,Medium
4.52,3.96,5.64,236,135,Medium
1.77,7.53,6.1,166,164,Medium
1.07,7.46,7.11,184,134,Medium
4.41,2.17,7.14,133,74,Low
6.87,1.83,5.22,204,112,Medium
0.6,0.68,6.56,91,60,Low
4.66,4.35,3.89,180,101,Medium
7.99,4.98,5.22,279,130,High
1.79,7.84,5.93,199,129,Medium
3.17,5.27,6.47,176,95,Medium
6.45,6.33,6.45,302,146,High
7.59,6.76,5.81,343,162,High
3.87,3.91,6.49,230,133,Medium
0.34,2.46,7.16,145,70,Low
3.76,4.82,9.37,232,112,Low
4.17,8.38,7.42,280,157,High
4.35,2.15,5.7,153,75,Low
4.13,4.08,4.31,233,106,Medium
2.82,8.74,4.47,256,150,High
1.11,2.07,5.82,165,93,Low
1.69,2.28,5.37,175,96,Low
6.49,7.34,6.2,253,173,High
1.69,2.03,6.76,130,107,Low
1.29,6.48,6.64,234,140,Medium
0.45,2.95,7.95,199,66,Low
0.15,7.34,5.35,179,124,Medium
0.69,4.77,8.86,159,128,Low
4.81,8.05,7.7,281,159,High
5.28,3.01,5.99,177,86,Medium
1.84,4.16,6.86,185,117,Low
6.88,5.29,5.18,270,166,High
4.92,0.87,7.2,174,61,Low
0.94,5.08,7.51,200,135,Low
6.2,6.67,3.45,244,158,High
0.35,5.53,6.69,221,122,Low
4.71,7.54,4.64,267,133,High
0.78,1.77,5.88,121,85,Low
7.01,4.38,5.1,268,166,High
6.32,5.99,5.88,267,136,High
2.53,3.94,4.84,201,133,Low
2.03,8.62,4.92,252,158,High
6.04,4.43,7.74,244,110,Medium
2.96,5.77,6.1,236,116,Medium
5.89,8.62,7.11,270,154,High
3.57,7.14,6.37,258,138,Medium
4.4,7.12,6.49,248,146,High
7.72,0.55,6.74,213,114,Low
0.51,2.61,6.11,134,86,Low
3.07,9.85,4.61,249,177,High
7.57,8.29,3.84,297,170,High
1.61,6.74,6.49,182,165,Medium
4.13,2.7,6.66,186,107,Low
1.91,0.5,8.99,201,69,Low
3.16,6.07,4.98,169,135,Medium
0.55,1.36,6.32,163,84,Low
7.71,3.13,5.35,227,117,Medium
7.44,5.96,5.57,311,164,High
2.35,9.5,6.1,282,128,High
7.01,8.22,3.83,287,208,High
6.16,7.7,5.29,320,167,High
3.69,6.07,6.61,228,167,Medium
7.95,6.93,6.21,306,190,High
7.64,5.41,7.96,279,153,High
5.39,8.3,6.16,347,197,High
3.81,3.86,6.98,180,144,Low
7.28,5.24,5.15,283,180,High
6.98,2.46,6.32,243,105,Medium
0.85,9.24,5.52,211,138,Medium
4.91,7.76,5.39,267,139,High
3.94,9.86,5.81,335,163,High
3.93,9.85,6.46,274,192,High
0.43,8.09,7.7,170,152,Medium
4.02,4.24,5.88,186,151,Medium
3.68,7.05,5.65,261,154,High
4.65,3.59,5.47,188,102,Medium
3.77,6.32,5.73,207,162,Medium
1.68,7.16,4.48,254,141,Medium
1.05,5.97,7.04,187,135,Low
2.16,2.74,5.44,165,124,Low
1.2,8.15,8.47,235,174,Medium
7.96,8.57,3.44,322,196,High
4.5,5.89,4.97,198,161,Medium
0.48,8.23,4.46,216,133,Medium
2.89,5.82,6.46,231,127,Medium
0.16,1.65,8.89,50,78,Low
5.19,2.16,7.76,195,83,Low
5.39,5.13,5.73,175,126,Medium
5.05,1.88,6.98,210,129,Low
2.7,6.5,3.98,192,152,Medium
1.83,3.51,6.78,154,116,Low
5.16,3.08,3.93,223,95,Medium
7.72,4.43,6.99,264,145,High
5.82,6.79,7.47,252,171,High
0.82,1.11,7.16,136,50,Low
0.21,4.27,6.6,134,101,Low
5.24,8.91,6.28,284,197,High
2.27,6.45,7.68,252,167,Medium
6.88,3.59,6.27,156,135,Medium
4.32,3.09,3.28,218,104,Medium
4.78,6.49,5.16,223,132,High
4.19,6.58,5.52,267,114,High
3.53,3.97,5.72,190,132,Medium
0.0,8.25,6.81,181,146,Medium
7.38,9.5,5.34,329,201,High
3.44,3.28,6.35,184,92,Low
4.48,4.25,7.01,236,151,Medium
3.12,4.09,6.18,219,116,Low
7.28,8.17,7.49,301,169,High
5.94,8.18,3.58,322,184,High
5.1,6.37,6.76,246,179,High
1.5,0.68,8.2,124,69,Low
2.15,7.29,6.57,218,133,Medium
1.21,5.19,5.79,197,139,Low
3.71,8.02,2,228,198,High
7.61,1.03,6.21,198,87,Medium
6.73,8.26,5.65,312,173,High
6.15,2.87,6.27,183,114,Medium
3.69,7.82,5.54,168,154,High
3.78,6.97,5.52,265,148,High
7.5,5.45,5.45,273,181,High
1.59,8.93,6.5,221,186,Medium
2.6,2.09,7.64,147,98,Low
6.31,0.58,8.34,197,61,Low
2.97,1.35,6.82,151,88,Low
4.95,9.34,7.25,293,213,High
5.61,8.02,6.27,299,184,High
7.85,7.99,5.51,263,172,High
5.51,3.9,6.35,263,156,Medium
3.88,4.66,5.63,252,130,Medium
2.78,7.46,6.69,224,190,Medium
7.32,5.77,6.32,283,151,High
2.94,0.51,7.55,112,55,Low
1.48,0.68,8.08,71,67,Low
5.27,5.62,7.82,215,159,Medium
3.98,5.74,5.22,208,132,Medium
4.19,1.13,6.02,167,75,Low
6.99,2.42,5.51,222,79,Medium
5.26,5.5,4.94,234,127,High
2.93,6.26,8.58,247,145,Medium
7.12,1.26,7.51,209,94,Low
4.46,9.41,4.62,302,175,High
2.13,0.89,4.54,148,78,Low
7.56,9.63,6.86,365,190,High
4.21,2.86,6.14,172,96,Low
5.99,4.44,7.31,262,119,Medium
5.32,8.89,6.61,302,194,High
3.21,3.71,8.66,274,93,Low
2.52,9.92,6.15,253,198,High
6.11,4.59,5.68,199,122,Medium
6.13,9.3,5.14,309,243,High
3.58,4.27,5.71,113,99,Low
7.95,3.37,5.05,243,143,High
6.85,0.71,7.05,152,88,Low
4.45,9.3,7.13,290,188,High
2.85,1.81,5.47,179,89,Low
0.74,4.3,8.67,198,89,Low
5.79,8.03,6.66,336,165,High
7.26,6.15,4.2,266,190,High
4.61,1.25,8.35,185,66,Low
3.33,8.74,7.6,275,161,High
5.22,6.22,7.93,255,138,Medium
0.33,5.63,7.09,190,138,Low
1.77,0.98,6.59,91,45,Low
4.04,2.61,6.88,172,120,Low
1.06,1.28,6.42,110,63,Low
4.01,7.85,6.11,268,172,High
4.47,5.13,5.58,207,109,Medium
1.97,1.18,5.38,131,56,Low
7.39,1.35,5.53,183,92,Medium
4.75,0.73,7.31,132,138,Low
4.93,9.91,4.89,308,229,High
1.6,4.05,7.05,167,67,Low
0.9,1.02,9.41,87,91,Low
0.11,7.09,4.65,213,149,Medium
0.18,2.49,5.95,115,65,Low
3.86,7.43,5.74,278,182,High
0.15,6.04,6.2,165,131,Low
6.31,6.37,6.59,311,167,High
0.07,4.19,6.26,202,79,Low
0.15,8.74,4.09,200,143,Medium
3.05,9.78,6.56,287,199,High
1.49,5.26,5.23,115,132,Low
0.17,2.85,5.64,120,75,Low
2.77,3.84,6.77,163,99,Low
7.83,5.26,6.33,237,182,High
6.52,0.78,4.53,166,86,Low
1.21,9.02,5.69,222,126,Medium
4.9,6.44,7.92,253,166,Medium
1.22,9.72,6.81,229,159,High
1.11,5.64,6.11,199,85,Low
2.47,7.2,5.39,222,203,Medium
1.16,9.36,5.86,260,159,High
4.46,9.51,6.37,307,209,High
6.12,8.86,4.17,278,197,High
3.54,9.37,7.91,230,174,High
0.85,2.26,8.75,129,53,Low
2.13,5.89,6.3,221,124,Medium
5.51,5.03,4.9,197,137,Medium
5.7,4.05,6.86,198,135,Medium
0.26,7.76,6.8,223,145,Medium
3.3,7.55,7.93,239,198,Medium
7.89,8.74,6.45,302,195,High
3.66,2.84,6.06,182,100,Low
2.5,6.31,4.95,210,111,Medium
4.2,8.82,6.03,239,141,High
0.34,9.96,6.64,204,168,Medium
5.88,5.8,4.15,250,164,High
3.18,3.39,6.65,194,86,Low
3.38,6.32,7.39,237,166,Medium
3.61,7.37,7.66,284,179,Medium
7.5,7.11,6.36,322,160,High
4.72,7.27,6.03,269,181,High
2.0,7.07,7.88,186,142,Medium
0.91,4.77,5.83,141,130,Low
3.07,8.02,2.96,240,147,High
6.15,9.17,6.28,269,179,High
1.2,8.75,6.82,271,145,Medium
6.15,4.74,6.41,232,130,Medium
1.05,2.43,5.99,116,46,Low
4.35,0.55,7.12,169,68,Low
4.71,5.02,5.61,232,121,Medium
4.38,6.39,5.39,189,135,Medium
0.39,1.91,6.58,107,92,Low
6.7,3.34,4.58,238,120,Medium
3.34,2.19,5.67,126,83,Low
6.3,2.19,4.65,169,115,Medium
7.45,1.38,5.77,239,98,Medium
3.42,5.73,6.39,212,146,Medium
5.56,3.11,4.69,203,105,Medium
0.87,7.43,4.61,143,100,Medium
3.87,7.04,9.12,208,147,Medium
2.53,5.49,7.8,228,127,Low
